{"name": "MLTrader", "backtesting_start": "2024-10-15 00:00:00-04:00", "backtesting_end": "2024-12-30 23:59:00-05:00", "budget": 100000, "risk_free_rate": 0.04208000183105469, "minutes_before_closing": 1, "minutes_before_opening": 60, "sleeptime": "24H", "auto_adjust": false, "quote_asset": {"py/object": "lumibot.entities.asset.Asset", "symbol": "USD", "asset_type": "forex", "strike": 0.0, "multiplier": 1, "precision": null, "underlying_asset": null, "expiration": null}, "benchmark_asset": "SPY", "starting_positions": null, "parameters": {"pandas_data": null, "symbol": "SPY", "cash_at_risk": 0.5}}