time,strategy,identifier,symbol,side,type,status,multiplier,time_in_force,asset.strike,asset.multiplier,asset.asset_type,price,filled_quantity,trade_cost
2023-06-06 09:30:00-04:00,MLTrader,d524bb78a01342b4b6e813df7743e499,SPY,buy,market,new,1,gtc,0.0,1,stock,,,
2023-06-06 09:30:00-04:00,MLTrader,d524bb78a01342b4b6e813df7743e499,SPY,buy,market,fill,1,gtc,0.0,1,stock,426.6700134277344,117.0,0.0
2023-06-12 09:30:00-04:00,MLTrader,04b8a7402ab945618abe89dde4680cb8,SPY,sell,stop,canceled,1,day,0.0,1,stock,,,
2023-06-12 09:30:00-04:00,MLTrader,32623b73c30f4431973468f397aed774,SPY,sell,limit,canceled,1,day,0.0,1,stock,,,
2023-06-12 09:30:00-04:00,MLTrader,e393426a12ed4ed298581624868eea3b,SPY,sell,market,new,1,day,0.0,1,stock,,,
2023-06-12 09:30:00-04:00,MLTrader,83128695e7034c719f484282ca1999b6,SPY,sell,market,new,1,gtc,0.0,1,stock,,,
2023-06-12 09:30:00-04:00,MLTrader,e393426a12ed4ed298581624868eea3b,SPY,sell,market,fill,1,day,0.0,1,stock,430.9200134277344,117.0,0.0
2023-06-12 09:30:00-04:00,MLTrader,83128695e7034c719f484282ca1999b6,SPY,sell,market,fill,1,gtc,0.0,1,stock,430.9200134277344,58.0,0.0
2023-06-29 09:30:00-04:00,MLTrader,e6e661da9e7e4a4ab6fe1dff9a663866,SPY,sell,market,new,1,gtc,0.0,1,stock,,,
2023-06-29 09:30:00-04:00,MLTrader,e6e661da9e7e4a4ab6fe1dff9a663866,SPY,sell,market,fill,1,gtc,0.0,1,stock,435.9599914550781,144.0,0.0
2023-07-18 09:30:00-04:00,MLTrader,4aa0e0ce30a54963b61082f75be5a33c,SPY,buy,limit,canceled,1,day,0.0,1,stock,,,
2023-07-18 09:30:00-04:00,MLTrader,a490b3d4a636477f836936011f4d3bde,SPY,buy,stop,fill,1,day,0.0,1,stock,452.46601409912114,58.0,0.0
2023-07-27 09:30:00-04:00,MLTrader,adca0b9a440f4148aa9cda53b9628105,SPY,buy,limit,canceled,1,day,0.0,1,stock,,,
2023-07-27 09:30:00-04:00,MLTrader,66935f3999a04d04a99e083ceba90714,SPY,buy,stop,fill,1,day,0.0,1,stock,459.0199890136719,144.0,0.0
2023-08-01 09:30:00-04:00,MLTrader,e42bf83ecd5a4a2fb179e1b364f73ab4,SPY,sell,market,new,1,gtc,0.0,1,stock,,,
2023-08-01 09:30:00-04:00,MLTrader,e42bf83ecd5a4a2fb179e1b364f73ab4,SPY,sell,market,fill,1,gtc,0.0,1,stock,456.2699890136719,105.0,0.0
2023-08-11 09:30:00-04:00,MLTrader,22143f6dbb0b48e69566626678145162,SPY,sell,market,new,1,gtc,0.0,1,stock,,,
2023-08-11 09:30:00-04:00,MLTrader,22143f6dbb0b48e69566626678145162,SPY,sell,market,fill,1,gtc,0.0,1,stock,443.9700012207031,162.0,0.0
2023-08-21 09:30:00-04:00,MLTrader,6d7d655817e1471e81edf1a05a5ca13a,SPY,sell,market,new,1,gtc,0.0,1,stock,,,
2023-08-21 09:30:00-04:00,MLTrader,6d7d655817e1471e81edf1a05a5ca13a,SPY,sell,market,fill,1,gtc,0.0,1,stock,437.54998779296875,246.0,0.0
2023-09-08 09:30:00-04:00,MLTrader,068ca49377d248e6be33e66a41cf734b,SPY,sell,market,new,1,gtc,0.0,1,stock,,,
2023-09-08 09:30:00-04:00,MLTrader,068ca49377d248e6be33e66a41cf734b,SPY,sell,market,fill,1,gtc,0.0,1,stock,444.8999938964844,363.0,0.0
2023-11-02 09:30:00-04:00,MLTrader,94c538a8f50d4a23932845cd1e935f9d,SPY,sell,market,new,1,gtc,0.0,1,stock,,,
2023-11-02 09:30:00-04:00,MLTrader,94c538a8f50d4a23932845cd1e935f9d,SPY,sell,market,fill,1,gtc,0.0,1,stock,426.5799865722656,567.0,0.0
2023-11-13 09:30:00-05:00,MLTrader,b3b77f8bad2944e7b3d27499e48556f5,SPY,sell,market,new,1,gtc,0.0,1,stock,,,
2023-11-13 09:30:00-05:00,MLTrader,b3b77f8bad2944e7b3d27499e48556f5,SPY,sell,market,fill,1,gtc,0.0,1,stock,439.2300109863281,826.0,0.0
2023-11-14 09:30:00-05:00,MLTrader,bb8e305039b04124b11750ed8b23951c,SPY,buy,limit,canceled,1,day,0.0,1,stock,,,
2023-11-14 09:30:00-05:00,MLTrader,12728218267a4df8b5c5885197021789,SPY,buy,stop,fill,1,day,0.0,1,stock,447.9089859008789,567.0,0.0
2023-11-16 09:30:00-05:00,MLTrader,ec3a55ed978d459f958908dbb2c9cf29,SPY,buy,stop,canceled,1,day,0.0,1,stock,,,
2023-11-16 09:30:00-05:00,MLTrader,8d1392b9cc53478d9ee52add1906bf23,SPY,buy,limit,canceled,1,day,0.0,1,stock,,,
2023-11-16 09:30:00-05:00,MLTrader,fbb21768f7004417b306fcb4d6a9207b,SPY,buy,stop,canceled,1,day,0.0,1,stock,,,
2023-11-16 09:30:00-05:00,MLTrader,de0a539fbb7a4113a197486dd23a14e7,SPY,buy,limit,canceled,1,day,0.0,1,stock,,,
2023-11-16 09:30:00-05:00,MLTrader,709b62db71a6478380f41f2bf6e73ccd,SPY,buy,stop,canceled,1,day,0.0,1,stock,,,
2023-11-16 09:30:00-05:00,MLTrader,c57d81a76d484308997f09b5b23a153e,SPY,buy,limit,canceled,1,day,0.0,1,stock,,,
2023-11-16 09:30:00-05:00,MLTrader,12615616c1f74843a7debb1c8d647e53,SPY,buy,stop,canceled,1,day,0.0,1,stock,,,
2023-11-16 09:30:00-05:00,MLTrader,588f142d140c464da98d37494257a4b2,SPY,buy,limit,canceled,1,day,0.0,1,stock,,,
2023-11-16 09:30:00-05:00,MLTrader,2080bec926804deb8889978dbe4b602e,SPY,buy,stop,canceled,1,day,0.0,1,stock,,,
2023-11-16 09:30:00-05:00,MLTrader,01211b99deb043e0b2b035a347058db5,SPY,buy,limit,canceled,1,day,0.0,1,stock,,,
2023-11-16 09:30:00-05:00,MLTrader,54aac575ed4245148925a9196f45a0dc,SPY,buy,market,new,1,day,0.0,1,stock,,,
2023-11-16 09:30:00-05:00,MLTrader,4ea2518814204d71b994c9e4364531cd,SPY,buy,market,new,1,gtc,0.0,1,stock,,,
2023-11-16 09:30:00-05:00,MLTrader,54aac575ed4245148925a9196f45a0dc,SPY,buy,market,fill,1,day,0.0,1,stock,449.2200012207031,1702.0,0.0
2023-11-16 09:30:00-05:00,MLTrader,4ea2518814204d71b994c9e4364531cd,SPY,buy,market,fill,1,gtc,0.0,1,stock,449.2200012207031,928.0,0.0
