time,strategy,identifier,symbol,side,type,status,multiplier,time_in_force,asset.strike,asset.multiplier,asset.asset_type,price,filled_quantity,trade_cost
2020-02-03 09:30:00-05:00,MLTrader,5d516369c1d640538c745c9835e0dd62,SPY,sell,market,new,1,gtc,0.0,1,stock,,,
2020-02-03 09:30:00-05:00,MLTrader,5d516369c1d640538c745c9835e0dd62,SPY,sell,market,fill,1,gtc,0.0,1,stock,323.3500061035156,155.0,0.0
2020-02-10 09:30:00-05:00,MLTrader,0295ae470e9c4d2d804f45675d5f0ea7,SPY,sell,market,new,1,gtc,0.0,1,stock,,,
2020-02-10 09:30:00-05:00,MLTrader,0295ae470e9c4d2d804f45675d5f0ea7,SPY,sell,market,fill,1,gtc,0.0,1,stock,331.2300109863281,227.0,0.0
2020-02-13 09:30:00-05:00,MLTrader,8f26151e7cfb4043a1d0f6686b1b9904,SPY,sell,market,new,1,gtc,0.0,1,stock,,,
2020-02-13 09:30:00-05:00,MLTrader,8f26151e7cfb4043a1d0f6686b1b9904,SPY,sell,market,fill,1,gtc,0.0,1,stock,335.8599853515625,335.0,0.0
2020-03-06 09:30:00-05:00,MLTrader,7f22be7b21bf413bbb081812a1caa080,SPY,sell,market,new,1,gtc,0.0,1,stock,,,
2020-03-06 09:30:00-05:00,MLTrader,7f22be7b21bf413bbb081812a1caa080,SPY,sell,market,fill,1,gtc,0.0,1,stock,293.1499938964844,576.0,0.0
2020-03-09 09:30:00-04:00,MLTrader,0040fb730bf4499b8023a9f8cb041d37,SPY,sell,market,new,1,gtc,0.0,1,stock,,,
2020-03-09 09:30:00-04:00,MLTrader,0040fb730bf4499b8023a9f8cb041d37,SPY,sell,market,fill,1,gtc,0.0,1,stock,275.29998779296875,920.0,0.0
2020-03-12 09:30:00-04:00,MLTrader,4c8c297b3c634c72a1970b291a4a530a,SPY,buy,stop,canceled,1,day,0.0,1,stock,,,
2020-03-12 09:30:00-04:00,MLTrader,8fa39bf0798a44c1998c50a8c44004ca,SPY,buy,limit,fill,1,day,0.0,1,stock,256.0,155.0,0.0
2020-03-12 09:30:00-04:00,MLTrader,30daa064692f49ecb4ac2b9158d26919,SPY,buy,stop,canceled,1,day,0.0,1,stock,,,
2020-03-12 09:30:00-04:00,MLTrader,178b74247a0b4723b2d6edb3d70e1b45,SPY,buy,limit,fill,1,day,0.0,1,stock,256.0,227.0,0.0
2020-03-12 09:30:00-04:00,MLTrader,979f7aa250b44f059e55c180ecb39d5d,SPY,buy,stop,canceled,1,day,0.0,1,stock,,,
2020-03-12 09:30:00-04:00,MLTrader,8fd29fd9247d40289dfa4f4ceed62083,SPY,buy,limit,fill,1,day,0.0,1,stock,256.0,335.0,0.0
2020-03-18 09:30:00-04:00,MLTrader,63c394e016f54225beeffa9c0b6846f6,SPY,buy,stop,canceled,1,day,0.0,1,stock,,,
2020-03-18 09:30:00-04:00,MLTrader,02538f59eaf449888366494b54fb7de9,SPY,buy,limit,fill,1,day,0.0,1,stock,234.5199951171875,576.0,0.0
2020-03-23 08:30:00-04:00,MLTrader,aed296c478e34a9eb2edf0116d13ac97,SPY,buy,stop,canceled,1,day,0.0,1,stock,,,
2020-03-23 08:30:00-04:00,MLTrader,e3d1473877dd4d5b804887aacdf60484,SPY,buy,limit,fill,1,day,0.0,1,stock,220.239990234375,920.0,0.0
2020-04-13 09:30:00-04:00,MLTrader,92ced697ae564bd8b0ac6ca41a8b8010,SPY,sell,market,new,1,gtc,0.0,1,stock,,,
2020-04-13 09:30:00-04:00,MLTrader,92ced697ae564bd8b0ac6ca41a8b8010,SPY,sell,market,fill,1,gtc,0.0,1,stock,277.1400146484375,428.0,0.0
2020-04-27 09:30:00-04:00,MLTrader,e2539ec132b742438c04a0fb894de2d5,SPY,buy,stop,canceled,1,day,0.0,1,stock,,,
2020-04-27 09:30:00-04:00,MLTrader,ebb58314d842453f9e279309e59495c4,SPY,buy,limit,canceled,1,day,0.0,1,stock,,,
2020-04-27 09:30:00-04:00,MLTrader,dde2dff77a5042639df4d3acc1e84c3f,SPY,buy,market,new,1,day,0.0,1,stock,,,
2020-04-27 09:30:00-04:00,MLTrader,b5851784348a4e848588c55407c2bf76,SPY,buy,market,new,1,gtc,0.0,1,stock,,,
2020-04-27 09:30:00-04:00,MLTrader,dde2dff77a5042639df4d3acc1e84c3f,SPY,buy,market,fill,1,day,0.0,1,stock,285.1199951171875,428.0,0.0
2020-04-27 09:30:00-04:00,MLTrader,b5851784348a4e848588c55407c2bf76,SPY,buy,market,fill,1,gtc,0.0,1,stock,285.1199951171875,624.0,0.0
