time,strategy,identifier,symbol,side,type,status,multiplier,time_in_force,asset.strike,asset.multiplier,asset.asset_type,price,filled_quantity,trade_cost
2022-01-21 09:30:00-05:00,MLTrader,456ef4be114341958516ca839ef04792,SPY,sell,market,new,1,gtc,0.0,1,stock,,,
2022-01-21 09:30:00-05:00,MLTrader,456ef4be114341958516ca839ef04792,SPY,sell,market,fill,1,gtc,0.0,1,stock,445.55999755859375,112.0,0.0
2022-03-04 09:30:00-05:00,MLTrader,e3d94586f0d0498081f0f0ce697c1b47,SPY,sell,market,new,1,gtc,0.0,1,stock,,,
2022-03-04 09:30:00-05:00,MLTrader,e3d94586f0d0498081f0f0ce697c1b47,SPY,sell,market,fill,1,gtc,0.0,1,stock,431.75,174.0,0.0
2022-03-18 09:30:00-04:00,MLTrader,f741035c740a4ce19245b0cc0bfa936b,SPY,sell,market,new,1,gtc,0.0,1,stock,,,
2022-03-18 09:30:00-04:00,MLTrader,f741035c740a4ce19245b0cc0bfa936b,SPY,sell,market,fill,1,gtc,0.0,1,stock,438.0,257.0,0.0
2022-03-24 09:30:00-04:00,MLTrader,7b6a80464d3b498ea798dbab08c47b22,SPY,sell,market,new,1,gtc,0.0,1,stock,,,
2022-03-24 09:30:00-04:00,MLTrader,7b6a80464d3b498ea798dbab08c47b22,SPY,sell,market,fill,1,gtc,0.0,1,stock,445.94000244140625,378.0,0.0
2022-03-28 08:30:00-04:00,MLTrader,ef49cddc03864c02bdb62d74b34869f9,SPY,buy,limit,canceled,1,day,0.0,1,stock,,,
2022-03-28 08:30:00-04:00,MLTrader,538a033b0d4742fa899b670fcc16c4b6,SPY,buy,stop,fill,1,day,0.0,1,stock,453.33750000000003,174.0,0.0
2022-03-29 09:30:00-04:00,MLTrader,9636c77352b94c439845322f8a3e013a,SPY,buy,limit,canceled,1,day,0.0,1,stock,,,
2022-03-29 09:30:00-04:00,MLTrader,9ee771c691424f6d9e46c0fd4c19064e,SPY,buy,stop,fill,1,day,0.0,1,stock,460.0199890136719,257.0,0.0
2022-04-22 09:30:00-04:00,MLTrader,9cbcba89dfdf47159795d8b0a97b212e,SPY,sell,market,new,1,gtc,0.0,1,stock,,,
2022-04-22 09:30:00-04:00,MLTrader,9cbcba89dfdf47159795d8b0a97b212e,SPY,sell,market,fill,1,gtc,0.0,1,stock,436.9100036621094,353.0,0.0
2022-04-27 09:30:00-04:00,MLTrader,4ea4fe833c60401e97aeeb9c5c5da3c9,SPY,sell,market,new,1,gtc,0.0,1,stock,,,
2022-04-27 09:30:00-04:00,MLTrader,4ea4fe833c60401e97aeeb9c5c5da3c9,SPY,sell,market,fill,1,gtc,0.0,1,stock,417.239990234375,554.0,0.0
2022-04-28 09:30:00-04:00,MLTrader,b8331d829bea4f85a7b508e88caaaf5b,SPY,sell,market,new,1,gtc,0.0,1,stock,,,
2022-04-28 09:30:00-04:00,MLTrader,b8331d829bea4f85a7b508e88caaaf5b,SPY,sell,market,fill,1,gtc,0.0,1,stock,422.2900085449219,821.0,0.0
2022-06-10 09:30:00-04:00,MLTrader,66f3fcd18a834b24b5fb4caee280d97e,SPY,sell,market,new,1,gtc,0.0,1,stock,,,
2022-06-10 09:30:00-04:00,MLTrader,66f3fcd18a834b24b5fb4caee280d97e,SPY,sell,market,fill,1,gtc,0.0,1,stock,394.8800048828125,1317.0,0.0
2022-07-08 09:30:00-04:00,MLTrader,e0aaaa3082f04319b664a3dc11b81eb9,SPY,buy,stop,canceled,1,day,0.0,1,stock,,,
2022-07-08 09:30:00-04:00,MLTrader,2b61a343364c4ab8937b87d7ab38757a,SPY,buy,limit,canceled,1,day,0.0,1,stock,,,
2022-07-08 09:30:00-04:00,MLTrader,eff6847a512a4ded9e52806a72c3dccd,SPY,buy,stop,canceled,1,day,0.0,1,stock,,,
2022-07-08 09:30:00-04:00,MLTrader,a226be62b54c4caab56a99d42341178f,SPY,buy,limit,canceled,1,day,0.0,1,stock,,,
2022-07-08 09:30:00-04:00,MLTrader,50c44645d8ef4ed28af64f68bdf2847a,SPY,buy,stop,canceled,1,day,0.0,1,stock,,,
2022-07-08 09:30:00-04:00,MLTrader,f04c3c15ee654e2baf5970f305bc7b19,SPY,buy,limit,canceled,1,day,0.0,1,stock,,,
2022-07-08 09:30:00-04:00,MLTrader,c98f5c6e53714d76ad73edf7fe981a3c,SPY,buy,stop,canceled,1,day,0.0,1,stock,,,
2022-07-08 09:30:00-04:00,MLTrader,cdb348c16cc343a0bc23b2530ac7469b,SPY,buy,limit,canceled,1,day,0.0,1,stock,,,
2022-07-08 09:30:00-04:00,MLTrader,aa7bac57977b40528bdb7bcf632b9d55,SPY,buy,stop,canceled,1,day,0.0,1,stock,,,
2022-07-08 09:30:00-04:00,MLTrader,f409bd2ab1cd44dfa0f5ee9a7ef3521a,SPY,buy,limit,canceled,1,day,0.0,1,stock,,,
2022-07-08 09:30:00-04:00,MLTrader,3bfeb69f9e364458a263716960984450,SPY,buy,stop,canceled,1,day,0.0,1,stock,,,
2022-07-08 09:30:00-04:00,MLTrader,a7935aa13c6442deac5e5583a15dcc8c,SPY,buy,limit,canceled,1,day,0.0,1,stock,,,
2022-07-08 09:30:00-04:00,MLTrader,ba1a446a829b45a8b0aae48e4140960f,SPY,buy,market,new,1,day,0.0,1,stock,,,
2022-07-08 09:30:00-04:00,MLTrader,74014b999b8c4cd3a1da94ebb8b9eef2,SPY,buy,market,new,1,gtc,0.0,1,stock,,,
2022-07-08 09:30:00-04:00,MLTrader,ba1a446a829b45a8b0aae48e4140960f,SPY,buy,market,fill,1,day,0.0,1,stock,387.2699890136719,3535.0,0.0
2022-07-08 09:30:00-04:00,MLTrader,74014b999b8c4cd3a1da94ebb8b9eef2,SPY,buy,market,fill,1,gtc,0.0,1,stock,387.2699890136719,2007.0,0.0
2022-09-23 09:30:00-04:00,MLTrader,fb46029906854a6990a95275aa1af8a3,SPY,sell,limit,canceled,1,day,0.0,1,stock,,,
2022-09-23 09:30:00-04:00,MLTrader,0eb7bc01e3a8400f9ac7e7ab401e31ce,SPY,sell,stop,fill,1,day,0.0,1,stock,367.90648956298827,2007.0,0.0
2022-09-27 09:30:00-04:00,MLTrader,8ec05ee68bc24411ad9bbe3f95043cbd,SPY,sell,market,new,1,gtc,0.0,1,stock,,,
2022-09-27 09:30:00-04:00,MLTrader,8ec05ee68bc24411ad9bbe3f95043cbd,SPY,sell,market,fill,1,gtc,0.0,1,stock,368.0199890136719,204.0,0.0
2022-09-28 09:30:00-04:00,MLTrader,7b2c78156413486a9d698fdceaef8be9,SPY,sell,market,new,1,gtc,0.0,1,stock,,,
2022-09-28 09:30:00-04:00,MLTrader,7b2c78156413486a9d698fdceaef8be9,SPY,sell,market,fill,1,gtc,0.0,1,stock,364.3800048828125,309.0,0.0
2022-10-25 09:30:00-04:00,MLTrader,07d078b1690145cdb32a91a93210f46d,SPY,buy,limit,canceled,1,day,0.0,1,stock,,,
2022-10-25 09:30:00-04:00,MLTrader,72da022e8c9e4762a2e329edd9df7d19,SPY,buy,stop,fill,1,day,0.0,1,stock,382.59900512695316,309.0,0.0
2022-10-26 09:30:00-04:00,MLTrader,56614e5e85ce4c8296411d62e3ce7a39,SPY,buy,limit,canceled,1,day,0.0,1,stock,,,
2022-10-26 09:30:00-04:00,MLTrader,4c19884bf40c47379f8948c749fa2d9f,SPY,buy,stop,fill,1,day,0.0,1,stock,386.4209884643555,204.0,0.0
2023-01-19 09:30:00-05:00,MLTrader,c77bb98df46a45e4b0bfc9f0b2d3894c,SPY,sell,market,new,1,gtc,0.0,1,stock,,,
2023-01-19 09:30:00-05:00,MLTrader,c77bb98df46a45e4b0bfc9f0b2d3894c,SPY,sell,market,fill,1,gtc,0.0,1,stock,389.3599853515625,181.0,0.0
2023-02-01 09:30:00-05:00,MLTrader,86763e300e5247a9b76c85eae31e0bdb,SPY,buy,limit,canceled,1,day,0.0,1,stock,,,
2023-02-01 09:30:00-05:00,MLTrader,4b82cb3cb1e24d028543a3cb21d2e86e,SPY,buy,stop,fill,1,day,0.0,1,stock,408.82798461914064,181.0,0.0
2023-04-10 09:30:00-04:00,MLTrader,f2daad122cf346b8a72a613e1beaafb2,SPY,sell,market,new,1,gtc,0.0,1,stock,,,
2023-04-10 09:30:00-04:00,MLTrader,f2daad122cf346b8a72a613e1beaafb2,SPY,sell,market,fill,1,gtc,0.0,1,stock,406.6099853515625,169.0,0.0
2023-06-02 09:30:00-04:00,MLTrader,767e60a57c7441d2b13cbc7b27c0f762,SPY,buy,limit,canceled,1,day,0.0,1,stock,,,
2023-06-02 09:30:00-04:00,MLTrader,c83e4fe10f6e4c278376e48355f8c4ab,SPY,buy,stop,fill,1,day,0.0,1,stock,426.94048461914065,169.0,0.0
2023-06-06 09:30:00-04:00,MLTrader,242a6e10015b4255a16f77c45be1a521,SPY,buy,market,new,1,gtc,0.0,1,stock,,,
2023-06-06 09:30:00-04:00,MLTrader,242a6e10015b4255a16f77c45be1a521,SPY,buy,market,fill,1,gtc,0.0,1,stock,426.6700134277344,157.0,0.0
2023-06-12 09:30:00-04:00,MLTrader,2658f8670d3e4645882497b01f5d0219,SPY,sell,stop,canceled,1,day,0.0,1,stock,,,
2023-06-12 09:30:00-04:00,MLTrader,810e55fdc1964b349087bc48c674bac6,SPY,sell,limit,canceled,1,day,0.0,1,stock,,,
2023-06-12 09:30:00-04:00,MLTrader,ef2a893fecfc43168ccdfa2b7aab5b2a,SPY,sell,market,new,1,day,0.0,1,stock,,,
2023-06-12 09:30:00-04:00,MLTrader,e737d60de851489d8adf1c6c01990e37,SPY,sell,market,new,1,gtc,0.0,1,stock,,,
2023-06-12 09:30:00-04:00,MLTrader,ef2a893fecfc43168ccdfa2b7aab5b2a,SPY,sell,market,fill,1,day,0.0,1,stock,430.9200134277344,157.0,0.0
2023-06-12 09:30:00-04:00,MLTrader,e737d60de851489d8adf1c6c01990e37,SPY,sell,market,fill,1,gtc,0.0,1,stock,430.9200134277344,78.0,0.0
2023-06-29 09:30:00-04:00,MLTrader,1fc55da32957459a98f7f615921e43f8,SPY,sell,market,new,1,gtc,0.0,1,stock,,,
2023-06-29 09:30:00-04:00,MLTrader,1fc55da32957459a98f7f615921e43f8,SPY,sell,market,fill,1,gtc,0.0,1,stock,435.9599914550781,193.0,0.0
2023-07-18 09:30:00-04:00,MLTrader,4db53434ed6042b3a2a59daa42c6d470,SPY,buy,limit,canceled,1,day,0.0,1,stock,,,
2023-07-18 09:30:00-04:00,MLTrader,3c228c5b2ebc4676ae595c7e5c141a0f,SPY,buy,stop,fill,1,day,0.0,1,stock,452.46601409912114,78.0,0.0
2023-07-27 09:30:00-04:00,MLTrader,877407bf924c4b27b0d40445102d6421,SPY,buy,limit,canceled,1,day,0.0,1,stock,,,
2023-07-27 09:30:00-04:00,MLTrader,9d40932287824e36bdabc1c49cfa8eff,SPY,buy,stop,fill,1,day,0.0,1,stock,459.0199890136719,193.0,0.0
2023-08-01 09:30:00-04:00,MLTrader,5b0decb23b5340608e44033ab1676e16,SPY,sell,market,new,1,gtc,0.0,1,stock,,,
2023-08-01 09:30:00-04:00,MLTrader,5b0decb23b5340608e44033ab1676e16,SPY,sell,market,fill,1,gtc,0.0,1,stock,456.2699890136719,141.0,0.0
2023-08-11 09:30:00-04:00,MLTrader,650abb091ca54be6b99e07fdd416d36f,SPY,sell,market,new,1,gtc,0.0,1,stock,,,
2023-08-11 09:30:00-04:00,MLTrader,650abb091ca54be6b99e07fdd416d36f,SPY,sell,market,fill,1,gtc,0.0,1,stock,443.9700012207031,217.0,0.0
2023-08-21 09:30:00-04:00,MLTrader,84bd4191cbd746998e4cba2960126d85,SPY,sell,market,new,1,gtc,0.0,1,stock,,,
2023-08-21 09:30:00-04:00,MLTrader,84bd4191cbd746998e4cba2960126d85,SPY,sell,market,fill,1,gtc,0.0,1,stock,437.54998779296875,330.0,0.0
2023-09-08 09:30:00-04:00,MLTrader,a623ab27fec54ee3b6bee7b7c2b80c28,SPY,sell,market,new,1,gtc,0.0,1,stock,,,
2023-09-08 09:30:00-04:00,MLTrader,a623ab27fec54ee3b6bee7b7c2b80c28,SPY,sell,market,fill,1,gtc,0.0,1,stock,444.8999938964844,487.0,0.0
2023-11-02 09:30:00-04:00,MLTrader,597dce8bc77048d1aa1c422ea7c2699d,SPY,sell,market,new,1,gtc,0.0,1,stock,,,
2023-11-02 09:30:00-04:00,MLTrader,597dce8bc77048d1aa1c422ea7c2699d,SPY,sell,market,fill,1,gtc,0.0,1,stock,426.5799865722656,760.0,0.0
2023-11-13 09:30:00-05:00,MLTrader,4f57a22553694bab89802387aa311ece,SPY,sell,market,new,1,gtc,0.0,1,stock,,,
2023-11-13 09:30:00-05:00,MLTrader,4f57a22553694bab89802387aa311ece,SPY,sell,market,fill,1,gtc,0.0,1,stock,439.2300109863281,1107.0,0.0
2023-11-14 09:30:00-05:00,MLTrader,bd8ee912cd3d48e4ac49b931eb8514df,SPY,buy,limit,canceled,1,day,0.0,1,stock,,,
2023-11-14 09:30:00-05:00,MLTrader,a99f72524d1f43f0b96a8eaed96a58ec,SPY,buy,stop,fill,1,day,0.0,1,stock,447.9089859008789,760.0,0.0
2023-11-16 09:30:00-05:00,MLTrader,2b8c567bad68482899706001e307308d,SPY,buy,stop,canceled,1,day,0.0,1,stock,,,
2023-11-16 09:30:00-05:00,MLTrader,bb47972817904aceae82fa7c6c9e2263,SPY,buy,limit,canceled,1,day,0.0,1,stock,,,
2023-11-16 09:30:00-05:00,MLTrader,d9a90514e1de488b907c4efea4fa3870,SPY,buy,stop,canceled,1,day,0.0,1,stock,,,
2023-11-16 09:30:00-05:00,MLTrader,0c23764db8f3435eb362675a4019734d,SPY,buy,limit,canceled,1,day,0.0,1,stock,,,
2023-11-16 09:30:00-05:00,MLTrader,612e3fc5c2e44059aed65e80afb19304,SPY,buy,stop,canceled,1,day,0.0,1,stock,,,
2023-11-16 09:30:00-05:00,MLTrader,cc0b3079426a418fb2321875977cc5ed,SPY,buy,limit,canceled,1,day,0.0,1,stock,,,
2023-11-16 09:30:00-05:00,MLTrader,a6ed6cbf403b4da69c3cb1967e322a77,SPY,buy,stop,canceled,1,day,0.0,1,stock,,,
2023-11-16 09:30:00-05:00,MLTrader,d2daab6ed9a041fabcccf529a849a6e8,SPY,buy,limit,canceled,1,day,0.0,1,stock,,,
2023-11-16 09:30:00-05:00,MLTrader,0ed0c760c37c4ce38e41706dd03b092b,SPY,buy,stop,canceled,1,day,0.0,1,stock,,,
2023-11-16 09:30:00-05:00,MLTrader,d32a250b9a55469a87b12555acb6d4b0,SPY,buy,limit,canceled,1,day,0.0,1,stock,,,
2023-11-16 09:30:00-05:00,MLTrader,551aa78cfb644aaea896f86596050674,SPY,buy,market,new,1,day,0.0,1,stock,,,
2023-11-16 09:30:00-05:00,MLTrader,e898e69e8a24403aad41677329b31e93,SPY,buy,market,new,1,gtc,0.0,1,stock,,,
2023-11-16 09:30:00-05:00,MLTrader,551aa78cfb644aaea896f86596050674,SPY,buy,market,fill,1,day,0.0,1,stock,449.2200012207031,2282.0,0.0
2023-11-16 09:30:00-05:00,MLTrader,e898e69e8a24403aad41677329b31e93,SPY,buy,market,fill,1,gtc,0.0,1,stock,449.2200012207031,1245.0,0.0
