Metric,SPY,Strategy
Risk-Free Rate,0.14%,0.14%
Time in Market,69.0%,5.0%
,,
Total Return,56%,140%
CAGR% (Annual Return),12.15%,25.14%
,,
Sharpe,0.61,0.92
RoMaD,0.36,1.83
Corr to Benchmark,1.0,-0.41
Prob. Sharpe Ratio,87.6%,99.65%
Smart Sharpe,0.61,0.92
Sortino,0.85,2.83
Smart Sortino,0.85,2.82
Sortino/√2,0.6,2.0
Smart Sortino/√2,0.6,2.0
Omega,2.85,2.85
,,
Max Drawdown,-33.68%,-13.71%
Longest DD Days,708,1317
Volatility (ann.),22.8%,27.78%
R^2,0.16,0.16
Information Ratio,0.01,0.01
Calmar,0.36,1.83
Skew,-0.57,16.65
Kurtosis,16.07,417.74
,,
Expected Daily%,0.03%,0.06%
Expected Monthly%,0.96%,1.88%
Expected Yearly%,11.83%,24.45%
Daily Value-at-Risk,-1.92%,-2.32%
Expected Shortfall (cVaR),-1.92%,-2.32%
,,
MTD,4.57%,0.0%
3M,11.37%,0.0%
6M,9.76%,0.0%
YTD,26.74%,0.0%
1Y,28.14%,0.0%
3Y (ann.),9.9%,0.0%
5Y (ann.),12.15%,25.14%
10Y (ann.),12.15%,25.14%
All-time (ann.),12.15%,25.14%
,,
Best Day,9.06%,39.39%
Worst Day,-10.94%,-13.71%
Best Month,12.7%,81.47%
Worst Month,-12.44%,0.0%
Best Year,28.77%,139.88%
Worst Year,-18.51%,0.0%
,,
Avg. Drawdown,-2.17%,-4.16%
Avg. Drawdown Days,22,115
Recovery Factor,1.63,7.34
Ulcer Index,0.11,0.01
Serenity Index,0.32,84.24
,,
Avg. Up Month,8.94%,0.52%
Avg. Down Month,-,-
Win Days,766.19,769.05
Loss Days,658.81,655.95
Win Days%,53.77%,53.97%
Win Month%,61.7%,100.0%
Win Quarter%,68.75%,100.0%
Win Year%,75.0%,100.0%
,,
Beta,-,-0.49
Alpha,-,0.33
Correlation,-,-40.61%
Treynor Ratio,-,-282.45%
