Metric,SPY,Strategy
Risk-Free Rate,4.21%,4.21%
Time in Market,68.0%,69.0%
,,
Total Return,2%,1%
CAGR% (Annual Return),8.9%,3.05%
,,
Sharpe,0.4,-0.14
RoMaD,2.49,1.39
Corr to Benchmark,1.0,0.42
Prob. Sharpe Ratio,48.53%,44.13%
Smart Sharpe,0.35,-0.13
Sortino,0.53,-0.22
Smart Sortino,0.46,-0.19
Sortino/√2,0.37,-0.15
Smart Sortino/√2,0.32,-0.13
Omega,0.97,0.97
,,
Max Drawdown,-3.57%,-2.19%
Longest DD Days,24,22
Volatility (ann.),12.78%,6.56%
R^2,0.17,0.17
Information Ratio,-0.03,-0.03
Calmar,2.49,1.39
Skew,-0.91,0.84
Kurtosis,7.39,7.33
,,
Expected Daily%,0.02%,0.01%
Expected Monthly%,0.59%,0.21%
Expected Yearly%,1.79%,0.63%
Daily Value-at-Risk,-1.07%,-0.56%
Expected Shortfall (cVaR),-1.07%,-0.56%
,,
MTD,-2.06%,-0.66%
3M,1.79%,0.63%
6M,1.79%,0.63%
YTD,1.79%,0.63%
1Y,1.79%,0.63%
3Y (ann.),8.9%,3.05%
5Y (ann.),8.9%,3.05%
10Y (ann.),8.9%,3.05%
All-time (ann.),8.9%,3.05%
,,
Best Day,2.49%,1.61%
Worst Day,-2.98%,-1.07%
Best Month,5.96%,2.09%
Worst Month,-2.06%,-0.78%
Best Year,1.79%,0.63%
Worst Year,1.79%,0.63%
,,
Avg. Drawdown,-1.79%,-0.97%
Avg. Drawdown Days,12,12
Recovery Factor,0.54,0.31
Ulcer Index,0.01,0.01
Serenity Index,-0.44,-1.18
,,
Avg. Up Month,5.96%,2.09%
Avg. Down Month,-1.99%,-0.72%
Win Days,45.9,36.32
Loss Days,31.1,40.68
Win Days%,59.62%,47.17%
Win Month%,33.33%,33.33%
Win Quarter%,100.0%,100.0%
Win Year%,100.0%,100.0%
,,
Beta,-,0.21
Alpha,-,0.01
Correlation,-,41.53%
Treynor Ratio,-,-16.8%
